id,name,url
1,SUNTORYカクテルレシピ検索,https://cocktailrecipe.suntory.co.jp/wnb/cocktail/recipe/orange_blossom/index.html
2,SUNTORYカクテルレシピ検索,https://cocktailrecipe.suntory.co.jp/wnb/cocktail/recipe/gimlet/index.html
3,SUNTORYカクテルレシピ検索,https://cocktailrecipe.suntory.co.jp/wnb/cocktail/recipe/singapore_sling/index.html
4,SUNTORYカクテルレシピ検索,https://cocktailrecipe.suntory.co.jp/wnb/cocktail/recipe/gin_tonic/index.html
5,SUNTORYカクテルレシピ検索,https://cocktailrecipe.suntory.co.jp/wnb/cocktail/recipe/triple_citrus_g_t/index.html
6,SUNTORYカクテルレシピ検索,https://cocktailrecipe.suntory.co.jp/wnb/cocktail/recipe/white_lady/index.html
7,SUNTORYカクテルレシピ検索,https://cocktailrecipe.suntory.co.jp/wnb/cocktail/recipe/martini/index.html
8,SUNTORYカクテルレシピ検索,https://cocktailrecipe.suntory.co.jp/wnb/cocktail/recipe/mistia_martini/index.html
9,SUNTORYカクテルレシピ検索,https://cocktailrecipe.suntory.co.jp/wnb/cocktail/recipe/around_the_world/index.html
10,SUNTORYカクテルレシピ検索,https://cocktailrecipe.suntory.co.jp/wnb/cocktail/recipe/autumn_leaves/index.html
11,SUNTORYカクテルレシピ検索,https://cocktailrecipe.suntory.co.jp/wnb/cocktail/recipe/kiss_in_the_dark/index.html
12,SUNTORYカクテルレシピ検索,https://cocktailrecipe.suntory.co.jp/wnb/cocktail/recipe/gibson/index.html
13,SUNTORYカクテルレシピ検索,https://cocktailrecipe.suntory.co.jp/wnb/cocktail/recipe/silver_streak/index.html
14,SUNTORYカクテルレシピ検索,https://cocktailrecipe.suntory.co.jp/wnb/cocktail/recipe/jungle/index.html
15,SUNTORYカクテルレシピ検索,https://cocktailrecipe.suntory.co.jp/wnb/cocktail/recipe/gin_buck/index.html
16,SUNTORYカクテルレシピ検索,https://cocktailrecipe.suntory.co.jp/wnb/cocktail/recipe/gin_fizz/index.html
17,SUNTORYカクテルレシピ検索,https://cocktailrecipe.suntory.co.jp/wnb/cocktail/recipe/gin_rickey/index.html
18,SUNTORYカクテルレシピ検索,https://cocktailrecipe.suntory.co.jp/wnb/cocktail/recipe/spring_opera/index.html
19,SUNTORYカクテルレシピ検索,https://cocktailrecipe.suntory.co.jp/wnb/cocktail/recipe/tango/index.html
20,SUNTORYカクテルレシピ検索,https://cocktailrecipe.suntory.co.jp/wnb/cocktail/recipe/chocolate_gimlet/index.html
21,SUNTORYカクテルレシピ検索,https://cocktailrecipe.suntory.co.jp/wnb/cocktail/recipe/chocolate_sling/index.html
22,SUNTORYカクテルレシピ検索,https://cocktailrecipe.suntory.co.jp/wnb/cocktail/recipe/24_tonic/index.html
23,SUNTORYカクテルレシピ検索,https://cocktailrecipe.suntory.co.jp/wnb/cocktail/recipe/24_martini/index.html
24,SUNTORYカクテルレシピ検索,https://cocktailrecipe.suntory.co.jp/wnb/cocktail/recipe/tom_collins/index.html
25,SUNTORYカクテルレシピ検索,https://cocktailrecipe.suntory.co.jp/wnb/cocktail/recipe/paradise/index.html
26,SUNTORYカクテルレシピ検索,https://cocktailrecipe.suntory.co.jp/wnb/cocktail/recipe/parisian/index.html
27,SUNTORYカクテルレシピ検索,https://cocktailrecipe.suntory.co.jp/wnb/cocktail/recipe/pink_lady/index.html
28,SUNTORYカクテルレシピ検索,https://cocktailrecipe.suntory.co.jp/wnb/cocktail/recipe/french_75/index.html
29,SUNTORYカクテルレシピ検索,https://cocktailrecipe.suntory.co.jp/wnb/cocktail/recipe/blue_moon/index.html
30,SUNTORYカクテルレシピ検索,https://cocktailrecipe.suntory.co.jp/wnb/cocktail/recipe/bronx/index.html
31,SUNTORYカクテルレシピ検索,https://cocktailrecipe.suntory.co.jp/wnb/cocktail/recipe/princess_mary/index.html
32,SUNTORYカクテルレシピ検索,https://cocktailrecipe.suntory.co.jp/wnb/cocktail/recipe/million_dollar/index.html
33,SUNTORYカクテルレシピ検索,https://cocktailrecipe.suntory.co.jp/wnb/cocktail/recipe/russian/index.html
34,SUNTORYカクテルレシピ検索,https://cocktailrecipe.suntory.co.jp/wnb/cocktail/recipe/long_island_iced_tea/index.html
35,SUNTORYカクテルレシピ検索,https://cocktailrecipe.suntory.co.jp/wnb/cocktail/recipe/aile_dore/index.html
36,SUNTORYカクテルレシピ検索,https://cocktailrecipe.suntory.co.jp/wnb/cocktail/recipe/celebriti_ni/index.html
37,SUNTORYカクテルレシピ検索,https://cocktailrecipe.suntory.co.jp/wnb/cocktail/recipe/salty_dog/index.html
38,SUNTORYカクテルレシピ検索,https://cocktailrecipe.suntory.co.jp/wnb/cocktail/recipe/moscow_mule/index.html
39,SUNTORYカクテルレシピ検索,https://cocktailrecipe.suntory.co.jp/wnb/cocktail/recipe/vodka_tonic/index.html
40,SUNTORYカクテルレシピ検索,https://cocktailrecipe.suntory.co.jp/wnb/cocktail/recipe/vodka_martini/index.html
41,SUNTORYカクテルレシピ検索,https://cocktailrecipe.suntory.co.jp/wnb/cocktail/recipe/vodka_rickey/index.html
42,SUNTORYカクテルレシピ検索,https://cocktailrecipe.suntory.co.jp/wnb/cocktail/recipe/aurora/index.html
43,SUNTORYカクテルレシピ検索,https://cocktailrecipe.suntory.co.jp/wnb/cocktail/recipe/caipirosca/index.html
44,SUNTORYカクテルレシピ検索,https://cocktailrecipe.suntory.co.jp/wnb/cocktail/recipe/kamikaze/index.html
45,SUNTORYカクテルレシピ検索,https://cocktailrecipe.suntory.co.jp/wnb/cocktail/recipe/kiss_of_fire/index.html
46,SUNTORYカクテルレシピ検索,https://cocktailrecipe.suntory.co.jp/wnb/cocktail/recipe/cosmopolitan/index.html
47,SUNTORYカクテルレシピ検索,https://cocktailrecipe.suntory.co.jp/wnb/cocktail/recipe/god_mother/index.html
48,SUNTORYカクテルレシピ検索,https://cocktailrecipe.suntory.co.jp/wnb/cocktail/recipe/Sea_Breeze/index.html
49,SUNTORYカクテルレシピ検索,https://cocktailrecipe.suntory.co.jp/wnb/cocktail/recipe/screw_driver/index.html
50,SUNTORYカクテルレシピ検索,https://cocktailrecipe.suntory.co.jp/wnb/cocktail/recipe/chi_chi/index.html
51,SUNTORYカクテルレシピ検索,https://cocktailrecipe.suntory.co.jp/wnb/cocktail/recipe/chocolate_martini/index.html
52,SUNTORYカクテルレシピ検索,https://cocktailrecipe.suntory.co.jp/wnb/cocktail/recipe/troika/index.html
53,SUNTORYカクテルレシピ検索,https://cocktailrecipe.suntory.co.jp/wnb/cocktail/recipe/balalaika/index.html
54,SUNTORYカクテルレシピ検索,https://cocktailrecipe.suntory.co.jp/wnb/cocktail/recipe/big_apple/index.html
55,SUNTORYカクテルレシピ検索,https://cocktailrecipe.suntory.co.jp/wnb/cocktail/recipe/black_russian/index.html
56,SUNTORYカクテルレシピ検索,https://cocktailrecipe.suntory.co.jp/wnb/cocktail/recipe/bloody_bull/index.html
57,SUNTORYカクテルレシピ検索,https://cocktailrecipe.suntory.co.jp/wnb/cocktail/recipe/bloody_mary/index.html
58,SUNTORYカクテルレシピ検索,https://cocktailrecipe.suntory.co.jp/wnb/cocktail/recipe/blue_lagoon/index.html
59,SUNTORYカクテルレシピ検索,https://cocktailrecipe.suntory.co.jp/wnb/cocktail/recipe/bull_shot/index.html
60,SUNTORYカクテルレシピ検索,https://cocktailrecipe.suntory.co.jp/wnb/cocktail/recipe/white_russian/index.html
61,SUNTORYカクテルレシピ検索,https://cocktailrecipe.suntory.co.jp/wnb/cocktail/recipe/midori_martini/index.html
62,SUNTORYカクテルレシピ検索,https://cocktailrecipe.suntory.co.jp/wnb/cocktail/recipe/melon_ball/index.html
63,SUNTORYカクテルレシピ検索,https://cocktailrecipe.suntory.co.jp/wnb/cocktail/recipe/mozart_chocolate_martini/index.html
64,SUNTORYカクテルレシピ検索,https://cocktailrecipe.suntory.co.jp/wnb/cocktail/recipe/yukiguni/index.html
65,SUNTORYカクテルレシピ検索,https://cocktailrecipe.suntory.co.jp/wnb/cocktail/recipe/yoshino/index.html
66,SUNTORYカクテルレシピ検索,https://cocktailrecipe.suntory.co.jp/wnb/cocktail/recipe/russian/index.html
67,SUNTORYカクテルレシピ検索,https://cocktailrecipe.suntory.co.jp/wnb/cocktail/recipe/lejay_apple_tini/index.html
68,SUNTORYカクテルレシピ検索,https://cocktailrecipe.suntory.co.jp/wnb/cocktail/recipe/red_bird/index.html
69,SUNTORYカクテルレシピ検索,https://cocktailrecipe.suntory.co.jp/wnb/cocktail/recipe/long_island_iced_tea/index.html
70,SUNTORYカクテルレシピ検索,https://cocktailrecipe.suntory.co.jp/wnb/cocktail/recipe/margarita/index.html
71,SUNTORYカクテルレシピ検索,https://cocktailrecipe.suntory.co.jp/wnb/cocktail/recipe/el_dablo/index.html
72,SUNTORYカクテルレシピ検索,https://cocktailrecipe.suntory.co.jp/wnb/cocktail/recipe/cassis_shot/index.html
73,SUNTORYカクテルレシピ検索,https://cocktailrecipe.suntory.co.jp/wnb/cocktail/recipe/sauza_shot_gun/index.html
74,SUNTORYカクテルレシピ検索,https://cocktailrecipe.suntory.co.jp/wnb/cocktail/recipe/dr_jekyll/index.html
75,SUNTORYカクテルレシピ検索,https://cocktailrecipe.suntory.co.jp/wnb/cocktail/recipe/chocolate_margarita/index.html
76,SUNTORYカクテルレシピ検索,https://cocktailrecipe.suntory.co.jp/wnb/cocktail/recipe/tequila_sunrise/index.html
77,SUNTORYカクテルレシピ検索,https://cocktailrecipe.suntory.co.jp/wnb/cocktail/recipe/tequonic/index.html
78,SUNTORYカクテルレシピ検索,https://cocktailrecipe.suntory.co.jp/wnb/cocktail/recipe/tres_cosmopolitan/index.html
79,SUNTORYカクテルレシピ検索,https://cocktailrecipe.suntory.co.jp/wnb/cocktail/recipe/tres_martini/index.html
80,SUNTORYカクテルレシピ検索,https://cocktailrecipe.suntory.co.jp/wnb/cocktail/recipe/paloma/index.html
81,SUNTORYカクテルレシピ検索,https://cocktailrecipe.suntory.co.jp/wnb/cocktail/recipe/pina_colada/index.html
82,SUNTORYカクテルレシピ検索,https://cocktailrecipe.suntory.co.jp/wnb/cocktail/recipe/frozen_blue_margarita/index.html
83,SUNTORYカクテルレシピ検索,https://cocktailrecipe.suntory.co.jp/wnb/cocktail/recipe/frozen_strawberry_margarita/index.html
84,SUNTORYカクテルレシピ検索,https://cocktailrecipe.suntory.co.jp/wnb/cocktail/recipe/frozen_midori_margarita/index.html
85,SUNTORYカクテルレシピ検索,https://cocktailrecipe.suntory.co.jp/wnb/cocktail/recipe/brave_bull/index.html
86,SUNTORYカクテルレシピ検索,https://cocktailrecipe.suntory.co.jp/wnb/cocktail/recipe/matador/index.html
87,SUNTORYカクテルレシピ検索,https://cocktailrecipe.suntory.co.jp/wnb/cocktail/recipe/midori_shot/index.html
88,SUNTORYカクテルレシピ検索,https://cocktailrecipe.suntory.co.jp/wnb/cocktail/recipe/mockingbird/index.html
89,SUNTORYカクテルレシピ検索,https://cocktailrecipe.suntory.co.jp/wnb/cocktail/recipe/long_island_iced_tea/index.html
90,SUNTORYカクテルレシピ検索,https://cocktailrecipe.suntory.co.jp/wnb/cocktail/recipe/cactus_flower/index.html
91,SUNTORYカクテルレシピ検索,https://cocktailrecipe.suntory.co.jp/wnb/cocktail/recipe/sauza_farm_sour_org/index.html
92,SUNTORYカクテルレシピ検索,https://cocktailrecipe.suntory.co.jp/wnb/cocktail/recipe/sauza_farm_sour_q_lemmon/index.html
93,SUNTORYカクテルレシピ検索,https://cocktailrecipe.suntory.co.jp/wnb/cocktail/recipe/sauza_farm_sour_grap/index.html
94,SUNTORYカクテルレシピ検索,https://cocktailrecipe.suntory.co.jp/wnb/cocktail/recipe/sauza_farm_sour_tomato/index.html
95,SUNTORYカクテルレシピ検索,https://cocktailrecipe.suntory.co.jp/wnb/cocktail/recipe/sauza_farm_sour_pakuti/index.html
96,SUNTORYカクテルレシピ検索,https://cocktailrecipe.suntory.co.jp/wnb/cocktail/recipe/sauza_farm_sour_lime/index.html
97,SUNTORYカクテルレシピ検索,https://cocktailrecipe.suntory.co.jp/wnb/cocktail/recipe/sauza_farm_sour_lemmon/index.html
98,SUNTORYカクテルレシピ検索,https://cocktailrecipe.suntory.co.jp/wnb/cocktail/recipe/sauza_blue_gimlet_soda/index.html
99,SUNTORYカクテルレシピ検索,https://cocktailrecipe.suntory.co.jp/wnb/cocktail/recipe/sauza_blue_margarita_soda/index.html
100,SUNTORYカクテルレシピ検索,https://cocktailrecipe.suntory.co.jp/wnb/cocktail/recipe/sauza_blue_tonic/index.html
101,SUNTORYカクテルレシピ検索,https://cocktailrecipe.suntory.co.jp/wnb/cocktail/recipe/daiquiri/index.html
102,SUNTORYカクテルレシピ検索,https://cocktailrecipe.suntory.co.jp/wnb/cocktail/recipe/nevada/index.html
103,SUNTORYカクテルレシピ検索,https://cocktailrecipe.suntory.co.jp/wnb/cocktail/recipe/mojito/index.html
104,SUNTORYカクテルレシピ検索,https://cocktailrecipe.suntory.co.jp/wnb/cocktail/recipe/andalusia/index.html
105,SUNTORYカクテルレシピ検索,https://cocktailrecipe.suntory.co.jp/wnb/cocktail/recipe/islade_pinos/index.html
106,SUNTORYカクテルレシピ検索,https://cocktailrecipe.suntory.co.jp/wnb/cocktail/recipe/xyz/index.html
107,SUNTORYカクテルレシピ検索,https://cocktailrecipe.suntory.co.jp/wnb/cocktail/recipe/el_presidente/index.html
108,SUNTORYカクテルレシピ検索,https://cocktailrecipe.suntory.co.jp/wnb/cocktail/recipe/cuba_libre/index.html
109,SUNTORYカクテルレシピ検索,https://cocktailrecipe.suntory.co.jp/wnb/cocktail/recipe/greeneyes/index.html
110,SUNTORYカクテルレシピ検索,https://cocktailrecipe.suntory.co.jp/wnb/cocktail/recipe/corcovado/index.html
111,SUNTORYカクテルレシピ検索,https://cocktailrecipe.suntory.co.jp/wnb/cocktail/recipe/sky_diving/index.html
112,SUNTORYカクテルレシピ検索,https://cocktailrecipe.suntory.co.jp/wnb/cocktail/recipe/scorpion/index.html
113,SUNTORYカクテルレシピ検索,https://cocktailrecipe.suntory.co.jp/wnb/cocktail/recipe/chocolate_colada/index.html
114,SUNTORYカクテルレシピ検索,https://cocktailrecipe.suntory.co.jp/wnb/cocktail/recipe/chocolate_daiquiri/index.html
115,SUNTORYカクテルレシピ検索,https://cocktailrecipe.suntory.co.jp/wnb/cocktail/recipe/chocolate_planters_punch/index.html
116,SUNTORYカクテルレシピ検索,https://cocktailrecipe.suntory.co.jp/wnb/cocktail/recipe/chocolate_mojito/index.html
117,SUNTORYカクテルレシピ検索,https://cocktailrecipe.suntory.co.jp/wnb/cocktail/recipe/tom_jerry/index.html
118,SUNTORYカクテルレシピ検索,https://cocktailrecipe.suntory.co.jp/wnb/cocktail/recipe/panama/index.html
119,SUNTORYカクテルレシピ検索,https://cocktailrecipe.suntory.co.jp/wnb/cocktail/recipe/between_the_sheets/index.html
120,SUNTORYカクテルレシピ検索,https://cocktailrecipe.suntory.co.jp/wnb/cocktail/recipe/frozen_banana_daiquiri/index.html
121,SUNTORYカクテルレシピ検索,https://cocktailrecipe.suntory.co.jp/wnb/cocktail/recipe/blue_hawaii/index.html
122,SUNTORYカクテルレシピ検索,https://cocktailrecipe.suntory.co.jp/wnb/cocktail/recipe/hot_buttered_rum/index.html
123,SUNTORYカクテルレシピ検索,https://cocktailrecipe.suntory.co.jp/wnb/cocktail/recipe/miami/index.html
124,SUNTORYカクテルレシピ検索,https://cocktailrecipe.suntory.co.jp/wnb/cocktail/recipe/mai_tai/index.html
125,SUNTORYカクテルレシピ検索,https://cocktailrecipe.suntory.co.jp/wnb/cocktail/recipe/long_island_iced_tea/index.html
126,SUNTORYカクテルレシピ検索,https://cocktailrecipe.suntory.co.jp/wnb/cocktail/recipe/caribbean_dream/index.html
127,SUNTORYカクテルレシピ検索,https://cocktailrecipe.suntory.co.jp/wnb/cocktail/recipe/black_tornade/index.html
128,SUNTORYカクテルレシピ検索,https://cocktailrecipe.suntory.co.jp/wnb/cocktail/recipe/moony_au_lait/index.html
129,SUNTORYカクテルレシピ検索,https://cocktailrecipe.suntory.co.jp/wnb/cocktail/recipe/emerald_spritzer/index.html
130,SUNTORYカクテルレシピ検索,https://cocktailrecipe.suntory.co.jp/wnb/cocktail/recipe/Kahlua_milk/index.html
131,SUNTORYカクテルレシピ検索,https://cocktailrecipe.suntory.co.jp/wnb/cocktail/recipe/kir_imperial/index.html
132,SUNTORYカクテルレシピ検索,https://cocktailrecipe.suntory.co.jp/wnb/cocktail/recipe/kir_royal/index.html
133,SUNTORYカクテルレシピ検索,https://cocktailrecipe.suntory.co.jp/wnb/cocktail/recipe/strawberry_milk/index.html
134,SUNTORYカクテルレシピ検索,https://cocktailrecipe.suntory.co.jp/wnb/cocktail/recipe/china_blue/index.html
135,SUNTORYカクテルレシピ検索,https://cocktailrecipe.suntory.co.jp/wnb/cocktail/recipe/tiffin_mojito/index.html
136,SUNTORYカクテルレシピ検索,https://cocktailrecipe.suntory.co.jp/wnb/cocktail/recipe/bitter_kahlua_milk/index.html
137,SUNTORYカクテルレシピ検索,https://cocktailrecipe.suntory.co.jp/wnb/cocktail/recipe/fuzzy_navel/index.html
138,SUNTORYカクテルレシピ検索,https://cocktailrecipe.suntory.co.jp/wnb/cocktail/recipe/hot_kahlua_milk/index.html
139,SUNTORYカクテルレシピ検索,https://cocktailrecipe.suntory.co.jp/wnb/cocktail/recipe/malibu_rickey/index.html
140,SUNTORYカクテルレシピ検索,https://cocktailrecipe.suntory.co.jp/wnb/cocktail/recipe/malibu_cola/index.html
141,SUNTORYカクテルレシピ検索,https://cocktailrecipe.suntory.co.jp/wnb/cocktail/recipe/malibu_surf/index.html
142,SUNTORYカクテルレシピ検索,https://cocktailrecipe.suntory.co.jp/wnb/cocktail/recipe/malibu_pine/index.html
143,SUNTORYカクテルレシピ検索,https://cocktailrecipe.suntory.co.jp/wnb/cocktail/recipe/malibu_mojito/index.html
144,SUNTORYカクテルレシピ検索,https://cocktailrecipe.suntory.co.jp/wnb/cocktail/recipe/mangoyan_orange/index.html
145,SUNTORYカクテルレシピ検索,https://cocktailrecipe.suntory.co.jp/wnb/cocktail/recipe/mangoyan_mojito/index.html
146,SUNTORYカクテルレシピ検索,https://cocktailrecipe.suntory.co.jp/wnb/cocktail/recipe/mistia_on_the_rock/index.html
147,SUNTORYカクテルレシピ検索,https://cocktailrecipe.suntory.co.jp/wnb/cocktail/recipe/mistia_royal/index.html
148,SUNTORYカクテルレシピ検索,https://cocktailrecipe.suntory.co.jp/wnb/cocktail/recipe/mistia_goldspark/index.html
149,SUNTORYカクテルレシピ検索,https://cocktailrecipe.suntory.co.jp/wnb/cocktail/recipe/mistia_with_perrier/index.html
150,SUNTORYカクテルレシピ検索,https://cocktailrecipe.suntory.co.jp/wnb/cocktail/recipe/mistia_martini/index.html
151,SUNTORYカクテルレシピ検索,https://cocktailrecipe.suntory.co.jp/wnb/cocktail/recipe/midori_rickey/index.html
152,SUNTORYカクテルレシピ検索,https://cocktailrecipe.suntory.co.jp/wnb/cocktail/recipe/midori_mojito/index.html
153,SUNTORYカクテルレシピ検索,https://cocktailrecipe.suntory.co.jp/wnb/cocktail/recipe/yogurito_orange/index.html
154,SUNTORYカクテルレシピ検索,https://cocktailrecipe.suntory.co.jp/wnb/cocktail/recipe/lejay_cassis_rickey/index.html
155,SUNTORYカクテルレシピ検索,https://cocktailrecipe.suntory.co.jp/wnb/cocktail/recipe/lejay_peche_rickey/index.html
156,SUNTORYカクテルレシピ検索,https://cocktailrecipe.suntory.co.jp/wnb/cocktail/recipe/lejay_apple_soda/index.html
157,SUNTORYカクテルレシピ検索,https://cocktailrecipe.suntory.co.jp/wnb/cocktail/recipe/apricot_orange/index.html
158,SUNTORYカクテルレシピ検索,https://cocktailrecipe.suntory.co.jp/wnb/cocktail/recipe/cassis_orange/index.html
159,SUNTORYカクテルレシピ検索,https://cocktailrecipe.suntory.co.jp/wnb/cocktail/recipe/cassis_grapefruit/index.html
160,SUNTORYカクテルレシピ検索,https://cocktailrecipe.suntory.co.jp/wnb/cocktail/recipe/cassis_soda/index.html
161,SUNTORYカクテルレシピ検索,https://cocktailrecipe.suntory.co.jp/wnb/cocktail/recipe/cassic_tea/index.html
162,SUNTORYカクテルレシピ検索,https://cocktailrecipe.suntory.co.jp/wnb/cocktail/recipe/cassis_milk/index.html
163,SUNTORYカクテルレシピ検索,https://cocktailrecipe.suntory.co.jp/wnb/cocktail/recipe/cassis_mojito/index.html
164,SUNTORYカクテルレシピ検索,https://cocktailrecipe.suntory.co.jp/wnb/cocktail/recipe/quartet_orange/index.html
165,SUNTORYカクテルレシピ検索,https://cocktailrecipe.suntory.co.jp/wnb/cocktail/recipe/strawberry_soda/index.html
166,SUNTORYカクテルレシピ検索,https://cocktailrecipe.suntory.co.jp/wnb/cocktail/recipe/blueberry_milk/index.html
167,SUNTORYカクテルレシピ検索,https://cocktailrecipe.suntory.co.jp/wnb/cocktail/recipe/apple_car/index.html
168,SUNTORYカクテルレシピ検索,https://cocktailrecipe.suntory.co.jp/wnb/cocktail/recipe/apple_royal/index.html
169,SUNTORYカクテルレシピ検索,https://cocktailrecipe.suntory.co.jp/wnb/cocktail/recipe/apricot_colada/index.html
170,SUNTORYカクテルレシピ検索,https://cocktailrecipe.suntory.co.jp/wnb/cocktail/recipe/apricot_fizz/index.html
171,SUNTORYカクテルレシピ検索,https://cocktailrecipe.suntory.co.jp/wnb/cocktail/recipe/apricot_royal/index.html
172,SUNTORYカクテルレシピ検索,https://cocktailrecipe.suntory.co.jp/wnb/cocktail/recipe/alexander/index.html
173,SUNTORYカクテルレシピ検索,https://cocktailrecipe.suntory.co.jp/wnb/cocktail/recipe/jager_orange/index.html
174,SUNTORYカクテルレシピ検索,https://cocktailrecipe.suntory.co.jp/wnb/cocktail/recipe/jager_shooter/index.html
175,SUNTORYカクテルレシピ検索,https://cocktailrecipe.suntory.co.jp/wnb/cocktail/recipe/jager_tonic/index.html
176,SUNTORYカクテルレシピ検索,https://cocktailrecipe.suntory.co.jp/wnb/cocktail/recipe/italian_surfer/index.html
177,SUNTORYカクテルレシピ検索,https://cocktailrecipe.suntory.co.jp/wnb/cocktail/recipe/Underberg_with_Soda/index.html
178,SUNTORYカクテルレシピ検索,https://cocktailrecipe.suntory.co.jp/wnb/cocktail/recipe/xyz/index.html
179,SUNTORYカクテルレシピ検索,https://cocktailrecipe.suntory.co.jp/wnb/cocktail/recipe/emerald_mist/index.html
180,SUNTORYカクテルレシピ検索,https://cocktailrecipe.suntory.co.jp/wnb/cocktail/recipe/orgasm/index.html
181,SUNTORYカクテルレシピ検索,https://cocktailrecipe.suntory.co.jp/wnb/cocktail/recipe/aurora/index.html
182,SUNTORYカクテルレシピ検索,https://cocktailrecipe.suntory.co.jp/wnb/cocktail/recipe/olimpic/index.html
183,SUNTORYカクテルレシピ検索,https://cocktailrecipe.suntory.co.jp/wnb/cocktail/recipe/cafe_chocolat_milk/index.html
184,SUNTORYカクテルレシピ検索,https://cocktailrecipe.suntory.co.jp/wnb/cocktail/recipe/kamikaze/index.html
185,SUNTORYカクテルレシピ検索,https://cocktailrecipe.suntory.co.jp/wnb/cocktail/recipe/kahlua_oolong/index.html
186,SUNTORYカクテルレシピ検索,https://cocktailrecipe.suntory.co.jp/wnb/cocktail/recipe/kahlua_orange/index.html
187,SUNTORYカクテルレシピ検索,https://cocktailrecipe.suntory.co.jp/wnb/cocktail/recipe/kahlua_cola/index.html
188,SUNTORYカクテルレシピ検索,https://cocktailrecipe.suntory.co.jp/wnb/cocktail/recipe/kahlua_colada/index.html
189,SUNTORYカクテルレシピ検索,https://cocktailrecipe.suntory.co.jp/wnb/cocktail/recipe/kahlua_soda/index.html
190,SUNTORYカクテルレシピ検索,https://cocktailrecipe.suntory.co.jp/wnb/cocktail/recipe/kahlua_berry/index.html
191,SUNTORYカクテルレシピ検索,https://cocktailrecipe.suntory.co.jp/wnb/cocktail/recipe/kahlua_latte/index.html
192,SUNTORYカクテルレシピ検索,https://cocktailrecipe.suntory.co.jp/wnb/cocktail/recipe/kahlua_ricky/index.html
193,SUNTORYカクテルレシピ検索,https://cocktailrecipe.suntory.co.jp/wnb/cocktail/recipe/kir/index.html
194,SUNTORYカクテルレシピ検索,https://cocktailrecipe.suntory.co.jp/wnb/cocktail/recipe/kiss_in_the_dark/index.html
195,SUNTORYカクテルレシピ検索,https://cocktailrecipe.suntory.co.jp/wnb/cocktail/recipe/king_peter/index.html
196,SUNTORYカクテルレシピ検索,https://cocktailrecipe.suntory.co.jp/wnb/cocktail/recipe/cool_beauty/index.html
197,SUNTORYカクテルレシピ検索,https://cocktailrecipe.suntory.co.jp/wnb/cocktail/recipe/grasshopper/index.html
198,SUNTORYカクテルレシピ検索,https://cocktailrecipe.suntory.co.jp/wnb/cocktail/recipe/greeneyes/index.html
199,SUNTORYカクテルレシピ検索,https://cocktailrecipe.suntory.co.jp/wnb/cocktail/recipe/corcovado/index.html
200,SUNTORYカクテルレシピ検索,https://cocktailrecipe.suntory.co.jp/wnb/cocktail/recipe/golden_apple/index.html
201,SUNTORYカクテルレシピ検索,https://cocktailrecipe.suntory.co.jp/wnb/cocktail/recipe/golden_days/index.html
202,SUNTORYカクテルレシピ検索,https://cocktailrecipe.suntory.co.jp/wnb/cocktail/recipe/southern_wind/index.html
203,SUNTORYカクテルレシピ検索,https://cocktailrecipe.suntory.co.jp/wnb/cocktail/recipe/strawberry_royal/index.html
204,SUNTORYカクテルレシピ検索,https://cocktailrecipe.suntory.co.jp/wnb/cocktail/recipe/sex_on_the_beach/index.html
205,SUNTORYカクテルレシピ検索,https://cocktailrecipe.suntory.co.jp/wnb/cocktail/recipe/dirty_mother/index.html
206,SUNTORYカクテルレシピ検索,https://cocktailrecipe.suntory.co.jp/wnb/cocktail/recipe/cherry_blossom/index.html
207,SUNTORYカクテルレシピ検索,https://cocktailrecipe.suntory.co.jp/wnb/cocktail/recipe/tivoli_special/index.html
208,SUNTORYカクテルレシピ検索,https://cocktailrecipe.suntory.co.jp/wnb/cocktail/recipe/choco_cassis_soda/index.html
209,SUNTORYカクテルレシピ検索,https://cocktailrecipe.suntory.co.jp/wnb/cocktail/recipe/chocolate_sour/index.html
210,SUNTORYカクテルレシピ検索,https://cocktailrecipe.suntory.co.jp/wnb/cocktail/recipe/tiffin_orange/index.html
211,SUNTORYカクテルレシピ検索,https://cocktailrecipe.suntory.co.jp/wnb/cocktail/recipe/tiffin_cassis_tea/index.html
212,SUNTORYカクテルレシピ検索,https://cocktailrecipe.suntory.co.jp/wnb/cocktail/recipe/tiffin_milk/index.html
213,SUNTORYカクテルレシピ検索,https://cocktailrecipe.suntory.co.jp/wnb/cocktail/recipe/tiffin_lemon_soda/index.html
214,SUNTORYカクテルレシピ検索,https://cocktailrecipe.suntory.co.jp/wnb/cocktail/recipe/troika/index.html
215,SUNTORYカクテルレシピ検索,https://cocktailrecipe.suntory.co.jp/wnb/cocktail/recipe/dramatic_aroma/index.html
216,SUNTORYカクテルレシピ検索,https://cocktailrecipe.suntory.co.jp/wnb/cocktail/recipe/drambuie_orange_shake/index.html
217,SUNTORYカクテルレシピ検索,https://cocktailrecipe.suntory.co.jp/wnb/cocktail/recipe/drambuie_tonic/index.html
218,SUNTORYカクテルレシピ検索,https://cocktailrecipe.suntory.co.jp/wnb/cocktail/recipe/valencia/index.html
219,SUNTORYカクテルレシピ検索,https://cocktailrecipe.suntory.co.jp/wnb/cocktail/recipe/paraiso_orange/index.html
220,SUNTORYカクテルレシピ検索,https://cocktailrecipe.suntory.co.jp/wnb/cocktail/recipe/paraiso_grapefruit/index.html
221,SUNTORYカクテルレシピ検索,https://cocktailrecipe.suntory.co.jp/wnb/cocktail/recipe/heering_tonic/index.html
222,SUNTORYカクテルレシピ検索,https://cocktailrecipe.suntory.co.jp/wnb/cocktail/recipe/between_the_sheets/index.html
223,SUNTORYカクテルレシピ検索,https://cocktailrecipe.suntory.co.jp/wnb/cocktail/recipe/peach_oolong/index.html
224,SUNTORYカクテルレシピ検索,https://cocktailrecipe.suntory.co.jp/wnb/cocktail/recipe/fairy_land/index.html
225,SUNTORYカクテルレシピ検索,https://cocktailrecipe.suntory.co.jp/wnb/cocktail/recipe/blue_colada/index.html
226,SUNTORYカクテルレシピ検索,https://cocktailrecipe.suntory.co.jp/wnb/cocktail/recipe/blueberry_royal/index.html
227,SUNTORYカクテルレシピ検索,https://cocktailrecipe.suntory.co.jp/wnb/cocktail/recipe/prucia_perrier/index.html
228,SUNTORYカクテルレシピ検索,https://cocktailrecipe.suntory.co.jp/wnb/cocktail/recipe/prucia_royal/index.html
229,SUNTORYカクテルレシピ検索,https://cocktailrecipe.suntory.co.jp/wnb/cocktail/recipe/very_berry_milk/index.html
230,SUNTORYカクテルレシピ検索,https://cocktailrecipe.suntory.co.jp/wnb/cocktail/recipe/velvet_hammer/index.html
231,SUNTORYカクテルレシピ検索,https://cocktailrecipe.suntory.co.jp/wnb/cocktail/recipe/hot_mozart_milk/index.html
232,SUNTORYカクテルレシピ検索,https://cocktailrecipe.suntory.co.jp/wnb/cocktail/recipe/white_alexander/index.html
233,SUNTORYカクテルレシピ検索,https://cocktailrecipe.suntory.co.jp/wnb/cocktail/recipe/white_choco_milk/index.html
234,SUNTORYカクテルレシピ検索,https://cocktailrecipe.suntory.co.jp/wnb/cocktail/recipe/white_mozart_mint/index.html
235,SUNTORYカクテルレシピ検索,https://cocktailrecipe.suntory.co.jp/wnb/cocktail/recipe/boccie_ball/index.html
236,SUNTORYカクテルレシピ検索,https://cocktailrecipe.suntory.co.jp/wnb/cocktail/recipe/maccha_kahlua_milk/index.html
237,SUNTORYカクテルレシピ検索,https://cocktailrecipe.suntory.co.jp/wnb/cocktail/recipe/malibu_orange/index.html
238,SUNTORYカクテルレシピ検索,https://cocktailrecipe.suntory.co.jp/wnb/cocktail/recipe/malibu_pina_colada/index.html
239,SUNTORYカクテルレシピ検索,https://cocktailrecipe.suntory.co.jp/wnb/cocktail/recipe/malibu_milk/index.html
240,SUNTORYカクテルレシピ検索,https://cocktailrecipe.suntory.co.jp/wnb/cocktail/recipe/mangoyan_cocopine/index.html
241,SUNTORYカクテルレシピ検索,https://cocktailrecipe.suntory.co.jp/wnb/cocktail/recipe/mangoyan_milk/index.html
242,SUNTORYカクテルレシピ検索,https://cocktailrecipe.suntory.co.jp/wnb/cocktail/recipe/mangoyan_lassi/index.html
243,SUNTORYカクテルレシピ検索,https://cocktailrecipe.suntory.co.jp/wnb/cocktail/recipe/midori_illusion/index.html
244,SUNTORYカクテルレシピ検索,https://cocktailrecipe.suntory.co.jp/wnb/cocktail/recipe/midori_colada/index.html
245,SUNTORYカクテルレシピ検索,https://cocktailrecipe.suntory.co.jp/wnb/cocktail/recipe/midori_spumoni/index.html
246,SUNTORYカクテルレシピ検索,https://cocktailrecipe.suntory.co.jp/wnb/cocktail/recipe/midori_splice/index.html
247,SUNTORYカクテルレシピ検索,https://cocktailrecipe.suntory.co.jp/wnb/cocktail/recipe/midori_pash/index.html
248,SUNTORYカクテルレシピ検索,https://cocktailrecipe.suntory.co.jp/wnb/cocktail/recipe/midori_milk/index.html
249,SUNTORYカクテルレシピ検索,https://cocktailrecipe.suntory.co.jp/wnb/cocktail/recipe/mint_frappe/index.html
250,SUNTORYカクテルレシピ検索,https://cocktailrecipe.suntory.co.jp/wnb/cocktail/recipe/mozart_ice_cream/index.html
251,SUNTORYカクテルレシピ検索,https://cocktailrecipe.suntory.co.jp/wnb/cocktail/recipe/mozart_chocolate_frappe/index.html
252,SUNTORYカクテルレシピ検索,https://cocktailrecipe.suntory.co.jp/wnb/cocktail/recipe/yogurito_ginger/index.html
253,SUNTORYカクテルレシピ検索,https://cocktailrecipe.suntory.co.jp/wnb/cocktail/recipe/yogurito_soda/index.html
254,SUNTORYカクテルレシピ検索,https://cocktailrecipe.suntory.co.jp/wnb/cocktail/recipe/yogurito_pineapple/index.html
255,SUNTORYカクテルレシピ検索,https://cocktailrecipe.suntory.co.jp/wnb/cocktail/recipe/yogurito_milk/index.html
256,SUNTORYカクテルレシピ検索,https://cocktailrecipe.suntory.co.jp/wnb/cocktail/recipe/apple_ginger/index.html
257,SUNTORYカクテルレシピ検索,https://cocktailrecipe.suntory.co.jp/wnb/cocktail/recipe/cassis_oolong/index.html
258,SUNTORYカクテルレシピ検索,https://cocktailrecipe.suntory.co.jp/wnb/cocktail/recipe/cassis_colada/index.html
259,SUNTORYカクテルレシピ検索,https://cocktailrecipe.suntory.co.jp/wnb/cocktail/recipe/quartet_soda/index.html
260,SUNTORYカクテルレシピ検索,https://cocktailrecipe.suntory.co.jp/wnb/cocktail/recipe/strawberry_colada/index.html
261,SUNTORYカクテルレシピ検索,https://cocktailrecipe.suntory.co.jp/wnb/cocktail/recipe/framboise_grapefruit/index.html
262,SUNTORYカクテルレシピ検索,https://cocktailrecipe.suntory.co.jp/wnb/cocktail/recipe/peche_royal/index.html
263,SUNTORYカクテルレシピ検索,https://cocktailrecipe.suntory.co.jp/wnb/cocktail/recipe/red_lion/index.html
264,SUNTORYカクテルレシピ検索,https://cocktailrecipe.suntory.co.jp/wnb/cocktail/recipe/royal_quartet/index.html
265,SUNTORYカクテルレシピ検索,https://cocktailrecipe.suntory.co.jp/wnb/cocktail/recipe/long_island_iced_tea/index.html
266,SUNTORYカクテルレシピ検索,https://cocktailrecipe.suntory.co.jp/wnb/cocktail/recipe/apple_chocolat/index.html
267,SUNTORYカクテルレシピ検索,https://cocktailrecipe.suntory.co.jp/wnb/cocktail/recipe/haleine/index.html
268,SUNTORYカクテルレシピ検索,https://cocktailrecipe.suntory.co.jp/wnb/cocktail/recipe/aile_dore/index.html
269,SUNTORYカクテルレシピ検索,https://cocktailrecipe.suntory.co.jp/wnb/cocktail/recipe/cassis_chocolat_con_cinamon/index.html
270,SUNTORYカクテルレシピ検索,https://cocktailrecipe.suntory.co.jp/wnb/cocktail/recipe/citrus_chocolat/index.html
271,SUNTORYカクテルレシピ検索,https://cocktailrecipe.suntory.co.jp/wnb/cocktail/recipe/suikyoan/index.html
272,SUNTORYカクテルレシピ検索,https://cocktailrecipe.suntory.co.jp/wnb/cocktail/recipe/blackberry_choco_kahlua/index.html
273,SUNTORYカクテルレシピ検索,https://cocktailrecipe.suntory.co.jp/wnb/cocktail/recipe/prucian_blossom/index.html
274,SUNTORYカクテルレシピ検索,https://cocktailrecipe.suntory.co.jp/wnb/cocktail/recipe/mozart_cafemocha/index.html
275,SUNTORYカクテルレシピ検索,https://cocktailrecipe.suntory.co.jp/wnb/cocktail/recipe/mozart_chocolat_milk/index.html
276,SUNTORYカクテルレシピ検索,https://cocktailrecipe.suntory.co.jp/wnb/cocktail/recipe/lejay_chocolatre/index.html
277,SUNTORYカクテルレシピ検索,https://cocktailrecipe.suntory.co.jp/wnb/cocktail/recipe/apple_blanc/index.html
278,SUNTORYカクテルレシピ検索,https://cocktailrecipe.suntory.co.jp/wnb/cocktail/recipe/cardinal/index.html
279,SUNTORYカクテルレシピ検索,https://cocktailrecipe.suntory.co.jp/wnb/cocktail/recipe/kir/index.html
280,SUNTORYカクテルレシピ検索,https://cocktailrecipe.suntory.co.jp/wnb/cocktail/recipe/spritzer/index.html
281,SUNTORYカクテルレシピ検索,https://cocktailrecipe.suntory.co.jp/wnb/cocktail/recipe/blueberry_splitzer/index.html
282,SUNTORYカクテルレシピ検索,https://cocktailrecipe.suntory.co.jp/wnb/cocktail/recipe/wine_cooler/index.html
283,SUNTORYカクテルレシピ検索,https://cocktailrecipe.suntory.co.jp/wnb/cocktail/recipe/red_eye/index.html
284,SUNTORYカクテルレシピ検索,https://cocktailrecipe.suntory.co.jp/wnb/cocktail/recipe/shandy_gaff/index.html
285,SUNTORYカクテルレシピ検索,https://cocktailrecipe.suntory.co.jp/wnb/cocktail/recipe/panache/index.html
286,SUNTORYカクテルレシピ検索,https://cocktailrecipe.suntory.co.jp/wnb/cocktail/recipe/black_velvet/index.html
287,SUNTORYカクテルレシピ検索,https://cocktailrecipe.suntory.co.jp/wnb/cocktail/recipe/irish_coffee/index.html
288,SUNTORYカクテルレシピ検索,https://cocktailrecipe.suntory.co.jp/wnb/cocktail/recipe/al_capone/index.html
289,SUNTORYカクテルレシピ検索,https://cocktailrecipe.suntory.co.jp/wnb/cocktail/recipe/whisky_crush/index.html
290,SUNTORYカクテルレシピ検索,https://cocktailrecipe.suntory.co.jp/wnb/cocktail/recipe/whisky_soda/index.html
291,SUNTORYカクテルレシピ検索,https://cocktailrecipe.suntory.co.jp/wnb/cocktail/recipe/whisky_float/index.html
292,SUNTORYカクテルレシピ検索,https://cocktailrecipe.suntory.co.jp/wnb/cocktail/recipe/old_fashioned/index.html
293,SUNTORYカクテルレシピ検索,https://cocktailrecipe.suntory.co.jp/wnb/cocktail/recipe/cotton_flower/index.html
294,SUNTORYカクテルレシピ検索,https://cocktailrecipe.suntory.co.jp/wnb/cocktail/recipe/god_father/index.html
295,SUNTORYカクテルレシピ検索,https://cocktailrecipe.suntory.co.jp/wnb/cocktail/recipe/saint_andrews/index.html
296,SUNTORYカクテルレシピ検索,https://cocktailrecipe.suntory.co.jp/wnb/cocktail/recipe/chocolate_highball/index.html
297,SUNTORYカクテルレシピ検索,https://cocktailrecipe.suntory.co.jp/wnb/cocktail/recipe/chocolate_fashioned/index.html
298,SUNTORYカクテルレシピ検索,https://cocktailrecipe.suntory.co.jp/wnb/cocktail/recipe/chocolate_manhattan/index.html
299,SUNTORYカクテルレシピ検索,https://cocktailrecipe.suntory.co.jp/wnb/cocktail/recipe/dry_manhattan/index.html
300,SUNTORYカクテルレシピ検索,https://cocktailrecipe.suntory.co.jp/wnb/cocktail/recipe/new_york/index.html
301,SUNTORYカクテルレシピ検索,https://cocktailrecipe.suntory.co.jp/wnb/cocktail/recipe/hunter/index.html
302,SUNTORYカクテルレシピ検索,https://cocktailrecipe.suntory.co.jp/wnb/cocktail/recipe/bourbonella/index.html
303,SUNTORYカクテルレシピ検索,https://cocktailrecipe.suntory.co.jp/wnb/cocktail/recipe/Mamie_Taylor/index.html
304,SUNTORYカクテルレシピ検索,https://cocktailrecipe.suntory.co.jp/wnb/cocktail/recipe/manhattan/index.html
305,SUNTORYカクテルレシピ検索,https://cocktailrecipe.suntory.co.jp/wnb/cocktail/recipe/rusty_nail/index.html
306,SUNTORYカクテルレシピ検索,https://cocktailrecipe.suntory.co.jp/wnb/cocktail/recipe/rob_roy/index.html
307,SUNTORYカクテルレシピ検索,https://cocktailrecipe.suntory.co.jp/wnb/cocktail/recipe/eggnog/index.html
308,SUNTORYカクテルレシピ検索,https://cocktailrecipe.suntory.co.jp/wnb/cocktail/recipe/cowboy/index.html
309,SUNTORYカクテルレシピ検索,https://cocktailrecipe.suntory.co.jp/wnb/cocktail/recipe/kentucky_coffee/index.html
310,SUNTORYカクテルレシピ検索,https://cocktailrecipe.suntory.co.jp/wnb/cocktail/recipe/tamayura/index.html
311,SUNTORYカクテルレシピ検索,https://cocktailrecipe.suntory.co.jp/wnb/cocktail/recipe/bourbon_sour/index.html
312,SUNTORYカクテルレシピ検索,https://cocktailrecipe.suntory.co.jp/wnb/cocktail/recipe/bourbon_buck/index.html
313,SUNTORYカクテルレシピ検索,https://cocktailrecipe.suntory.co.jp/wnb/cocktail/recipe/mint_julep/index.html
314,SUNTORYカクテルレシピ検索,https://cocktailrecipe.suntory.co.jp/wnb/cocktail/recipe/makersmark_highball/index.html
315,SUNTORYカクテルレシピ検索,https://cocktailrecipe.suntory.co.jp/wnb/cocktail/recipe/red_cattleya/index.html
316,なし,
317,なし,
318,なし,
319,なし,
320,なし,
321,なし,
322,なし,
323,なし,
324,なし,
325,なし,
326,なし,
327,なし,
328,なし,
329,なし,
330,なし,
331,なし,
332,なし,
333,なし,
334,なし,
335,なし,
336,なし,
337,なし,
338,なし,
339,なし,
